{"created_at":"Sat Oct 08 11:52:15 +0000 2016","id":784723075908722688,"id_str":"784723075908722688","text":"RT @GattinaRosa: Happy World Smile Day! Love from Sidney! #WorldSmileDay #batterseacat @BDCH https:\/\/t.co\/4PixjzjG77","source":"\u003ca href=\"http:\/\/twitter.com\/download\/android\" rel=\"nofollow\"\u003eTwitter for Android\u003c\/a\u003e","truncated":false,"in_reply_to_status_id":null,"in_reply_to_status_id_str":null,"in_reply_to_user_id":null,"in_reply_to_user_id_str":null,"in_reply_to_screen_name":null,"user":{"id":2865381656,"id_str":"2865381656","name":"Vitoria Nabas","screen_name":"NabasVitoria","location":"London","url":null,"description":"Dual qualified Brazilian-English Lawyer based in SE16, London. Love life, animals and trying to contribute to a better life of all around me.","protected":false,"verified":false,"followers_count":339,"friends_count":892,"listed_count":12,"favourites_count":4000,"statuses_count":949,"created_at":"Sun Oct 19 16:43:15 +0000 2014","utc_offset":null,"time_zone":null,"geo_enabled":true,"lang":"en","contributors_enabled":false,"is_translator":false,"profile_background_color":"C0DEED","profile_background_image_url":"http:\/\/abs.twimg.com\/images\/themes\/theme1\/bg.png","profile_background_image_url_https":"https:\/\/abs.twimg.com\/images\/themes\/theme1\/bg.png","profile_background_tile":false,"profile_link_color":"0084B4","profile_sidebar_border_color":"C0DEED","profile_sidebar_fill_color":"DDEEF6","profile_text_color":"333333","profile_use_background_image":true,"profile_image_url":"http:\/\/pbs.twimg.com\/profile_images\/523880151353163776\/zuxEnfCD_normal.jpeg","profile_image_url_https":"https:\/\/pbs.twimg.com\/profile_images\/523880151353163776\/zuxEnfCD_normal.jpeg","profile_banner_url":"https:\/\/pbs.twimg.com\/profile_banners\/2865381656\/1413737735","default_profile":true,"default_profile_image":false,"following":null,"follow_request_sent":null,"notifications":null},"geo":null,"coordinates":null,"place":null,"contributors":null,"retweeted_status":{"created_at":"Fri Oct 07 18:11:57 +0000 2016","id":784456243687612416,"id_str":"784456243687612416","text":"Happy World Smile Day! Love from Sidney! #WorldSmileDay #batterseacat @BDCH https:\/\/t.co\/4PixjzjG77","display_text_range":[0,75],"source":"\u003ca href=\"http:\/\/twitter.com\/download\/android\" rel=\"nofollow\"\u003eTwitter for Android\u003c\/a\u003e","truncated":false,"in_reply_to_status_id":null,"in_reply_to_status_id_str":null,"in_reply_to_user_id":null,"in_reply_to_user_id_str":null,"in_reply_to_screen_name":null,"user":{"id":24226115,"id_str":"24226115","name":"Karianne","screen_name":"GattinaRosa","location":"London","url":null,"description":null,"protected":false,"verified":false,"followers_count":91,"friends_count":137,"listed_count":3,"favourites_count":253,"statuses_count":1594,"created_at":"Fri Mar 13 18:48:53 +0000 2009","utc_offset":-36000,"time_zone":"Hawaii","geo_enabled":false,"lang":"en","contributors_enabled":false,"is_translator":false,"profile_background_color":"EBEBEB","profile_background_image_url":"http:\/\/abs.twimg.com\/images\/themes\/theme7\/bg.gif","profile_background_image_url_https":"https:\/\/abs.twimg.com\/images\/themes\/theme7\/bg.gif","profile_background_tile":false,"profile_link_color":"990000","profile_sidebar_border_color":"DFDFDF","profile_sidebar_fill_color":"F3F3F3","profile_text_color":"333333","profile_use_background_image":true,"profile_image_url":"http:\/\/pbs.twimg.com\/profile_images\/598950667852632065\/tcBhyGdl_normal.jpg","profile_image_url_https":"https:\/\/pbs.twimg.com\/profile_images\/598950667852632065\/tcBhyGdl_normal.jpg","default_profile":false,"default_profile_image":false,"following":null,"follow_request_sent":null,"notifications":null},"geo":null,"coordinates":null,"place":null,"contributors":null,"is_quote_status":false,"retweet_count":8,"favorite_count":39,"entities":{"hashtags":[{"text":"WorldSmileDay","indices":[41,55]},{"text":"batterseacat","indices":[56,69]}],"urls":[],"user_mentions":[{"screen_name":"BDCH","name":"BatterseaDogs&Cats","id":20505533,"id_str":"20505533","indices":[70,75]}],"symbols":[],"media":[{"id":784456232014872576,"id_str":"784456232014872576","indices":[76,99],"media_url":"http:\/\/pbs.twimg.com\/media\/CuLyyWsWgAABius.jpg","media_url_https":"https:\/\/pbs.twimg.com\/media\/CuLyyWsWgAABius.jpg","url":"https:\/\/t.co\/4PixjzjG77","display_url":"pic.twitter.com\/4PixjzjG77","expanded_url":"https:\/\/twitter.com\/GattinaRosa\/status\/784456243687612416\/photo\/1","type":"photo","sizes":{"small":{"w":574,"h":574,"resize":"fit"},"large":{"w":574,"h":574,"resize":"fit"},"thumb":{"w":150,"h":150,"resize":"crop"},"medium":{"w":574,"h":574,"resize":"fit"}}}]},"extended_entities":{"media":[{"id":784456232014872576,"id_str":"784456232014872576","indices":[76,99],"media_url":"http:\/\/pbs.twimg.com\/media\/CuLyyWsWgAABius.jpg","media_url_https":"https:\/\/pbs.twimg.com\/media\/CuLyyWsWgAABius.jpg","url":"https:\/\/t.co\/4PixjzjG77","display_url":"pic.twitter.com\/4PixjzjG77","expanded_url":"https:\/\/twitter.com\/GattinaRosa\/status\/784456243687612416\/photo\/1","type":"photo","sizes":{"small":{"w":574,"h":574,"resize":"fit"},"large":{"w":574,"h":574,"resize":"fit"},"thumb":{"w":150,"h":150,"resize":"crop"},"medium":{"w":574,"h":574,"resize":"fit"}}}]},"favorited":false,"retweeted":false,"possibly_sensitive":false,"filter_level":"low","lang":"en"},"is_quote_status":false,"retweet_count":0,"favorite_count":0,"entities":{"hashtags":[{"text":"WorldSmileDay","indices":[58,72]},{"text":"batterseacat","indices":[73,86]}],"urls":[],"user_mentions":[{"screen_name":"GattinaRosa","name":"Karianne","id":24226115,"id_str":"24226115","indices":[3,15]},{"screen_name":"BDCH","name":"BatterseaDogs&Cats","id":20505533,"id_str":"20505533","indices":[87,92]}],"symbols":[],"media":[{"id":784456232014872576,"id_str":"784456232014872576","indices":[93,116],"media_url":"http:\/\/pbs.twimg.com\/media\/CuLyyWsWgAABius.jpg","media_url_https":"https:\/\/pbs.twimg.com\/media\/CuLyyWsWgAABius.jpg","url":"https:\/\/t.co\/4PixjzjG77","display_url":"pic.twitter.com\/4PixjzjG77","expanded_url":"https:\/\/twitter.com\/GattinaRosa\/status\/784456243687612416\/photo\/1","type":"photo","sizes":{"small":{"w":574,"h":574,"resize":"fit"},"large":{"w":574,"h":574,"resize":"fit"},"thumb":{"w":150,"h":150,"resize":"crop"},"medium":{"w":574,"h":574,"resize":"fit"}},"source_status_id":784456243687612416,"source_status_id_str":"784456243687612416","source_user_id":24226115,"source_user_id_str":"24226115"}]},"extended_entities":{"media":[{"id":784456232014872576,"id_str":"784456232014872576","indices":[93,116],"media_url":"http:\/\/pbs.twimg.com\/media\/CuLyyWsWgAABius.jpg","media_url_https":"https:\/\/pbs.twimg.com\/media\/CuLyyWsWgAABius.jpg","url":"https:\/\/t.co\/4PixjzjG77","display_url":"pic.twitter.com\/4PixjzjG77","expanded_url":"https:\/\/twitter.com\/GattinaRosa\/status\/784456243687612416\/photo\/1","type":"photo","sizes":{"small":{"w":574,"h":574,"resize":"fit"},"large":{"w":574,"h":574,"resize":"fit"},"thumb":{"w":150,"h":150,"resize":"crop"},"medium":{"w":574,"h":574,"resize":"fit"}},"source_status_id":784456243687612416,"source_status_id_str":"784456243687612416","source_user_id":24226115,"source_user_id_str":"24226115"}]},"favorited":false,"retweeted":false,"possibly_sensitive":false,"filter_level":"low","lang":"en","timestamp_ms":"1475927535403"}
{"created_at":"Sat Oct 08 11:52:49 +0000 2016","id":784723219777331200,"id_str":"784723219777331200","text":"Well played virat kohli &amp; ajinkya rahane \ud83d\udc4f\ud83d\udc4f\nIndia 267-3~ first day stumps #INDvNZ","source":"\u003ca href=\"http:\/\/twitter.com\/download\/android\" rel=\"nofollow\"\u003eTwitter for Android\u003c\/a\u003e","truncated":false,"in_reply_to_status_id":null,"in_reply_to_status_id_str":null,"in_reply_to_user_id":null,"in_reply_to_user_id_str":null,"in_reply_to_screen_name":null,"user":{"id":2975574594,"id_str":"2975574594","name":"Aslam malik","screen_name":"bajrangi_Aslam","location":"aligarh\/coimbatore","url":"http:\/\/facebook.com\/aslam.malik.14418","description":"huge fan of @BeingSalmankhan @Emraanhashmi @ABdevilliers17  @Gmaxi_32 and @Imro45\n#Aus\n#SA\n#Eng\n#IND\n #KXIP \n& #DD \r\nmad about cricket & music \u2665","protected":false,"verified":false,"followers_count":1215,"friends_count":297,"listed_count":9,"favourites_count":3064,"statuses_count":11878,"created_at":"Mon Jan 12 03:15:18 +0000 2015","utc_offset":-25200,"time_zone":"Pacific Time (US & Canada)","geo_enabled":true,"lang":"en","contributors_enabled":false,"is_translator":false,"profile_background_color":"C0DEED","profile_background_image_url":"http:\/\/abs.twimg.com\/images\/themes\/theme1\/bg.png","profile_background_image_url_https":"https:\/\/abs.twimg.com\/images\/themes\/theme1\/bg.png","profile_background_tile":false,"profile_link_color":"0084B4","profile_sidebar_border_color":"C0DEED","profile_sidebar_fill_color":"DDEEF6","profile_text_color":"333333","profile_use_background_image":true,"profile_image_url":"http:\/\/pbs.twimg.com\/profile_images\/769225430574309376\/Wlhc8HdB_normal.jpg","profile_image_url_https":"https:\/\/pbs.twimg.com\/profile_images\/769225430574309376\/Wlhc8HdB_normal.jpg","profile_banner_url":"https:\/\/pbs.twimg.com\/profile_banners\/2975574594\/1470835905","default_profile":true,"default_profile_image":false,"following":null,"follow_request_sent":null,"notifications":null},"geo":null,"coordinates":null,"place":null,"contributors":null,"is_quote_status":false,"retweet_count":0,"favorite_count":0,"entities":{"hashtags":[{"text":"INDvNZ","indices":[78,85]}],"urls":[],"user_mentions":[],"symbols":[]},"favorited":false,"retweeted":false,"filter_level":"low","lang":"en","timestamp_ms":"1475927569704"}
{"created_at":"Sat Oct 08 11:53:25 +0000 2016","id":784723370709483520,"id_str":"784723370709483520","text":"[Fox Sports] Chicago Blackhawks Morning Links- So Much For That https:\/\/t.co\/tNRyU2ESvw #Blackhawks","source":"\u003ca href=\"http:\/\/sportspyder.com\/\" rel=\"nofollow\"\u003eSportSpyder\u003c\/a\u003e","truncated":false,"in_reply_to_status_id":null,"in_reply_to_status_id_str":null,"in_reply_to_user_id":null,"in_reply_to_user_id_str":null,"in_reply_to_screen_name":null,"user":{"id":190290165,"id_str":"190290165","name":"Blackhawks Spyder","screen_name":"BlackhawkSpyder","location":null,"url":"http:\/\/sportspyder.com\/teams\/chicago-blackhawks\/news","description":"The latest Chicago Blackhawks news from around the web","protected":false,"verified":false,"followers_count":11,"friends_count":36,"listed_count":1,"favourites_count":0,"statuses_count":56807,"created_at":"Mon Sep 13 15:39:36 +0000 2010","utc_offset":-14400,"time_zone":"Eastern Time (US & Canada)","geo_enabled":false,"lang":"en","contributors_enabled":false,"is_translator":false,"profile_background_color":"365E93","profile_background_image_url":"http:\/\/pbs.twimg.com\/profile_background_images\/148350055\/ss_background.jpg","profile_background_image_url_https":"https:\/\/pbs.twimg.com\/profile_background_images\/148350055\/ss_background.jpg","profile_background_tile":false,"profile_link_color":"0084B4","profile_sidebar_border_color":"B8B8B8","profile_sidebar_fill_color":"E8E8E8","profile_text_color":"333333","profile_use_background_image":true,"profile_image_url":"http:\/\/pbs.twimg.com\/profile_images\/1123017982\/ss_profile_normal.jpg","profile_image_url_https":"https:\/\/pbs.twimg.com\/profile_images\/1123017982\/ss_profile_normal.jpg","default_profile":false,"default_profile_image":false,"following":null,"follow_request_sent":null,"notifications":null},"geo":null,"coordinates":null,"place":null,"contributors":null,"is_quote_status":false,"retweet_count":0,"favorite_count":0,"entities":{"hashtags":[{"text":"Blackhawks","indices":[88,99]}],"urls":[{"url":"https:\/\/t.co\/tNRyU2ESvw","expanded_url":"http:\/\/sportspyder.com\/teams\/chicago-blackhawks\/articles\/19396815","display_url":"sportspyder.com\/teams\/chicago-\u2026","indices":[64,87]}],"user_mentions":[],"symbols":[]},"favorited":false,"retweeted":false,"possibly_sensitive":false,"filter_level":"low","lang":"en","timestamp_ms":"1475927605689"}
{"limit":{"track":846,"timestamp_ms":"1475927621880"}}
